group,n,k,silhouette,davies_bouldin,calinski_harabasz
symptomatic,114,2,0.1523621573950547,2.028018271203072,22.22875703701355
