group,n,k,silhouette,davies_bouldin,calinski_harabasz
full,996,2,0.46170101925503493,1.0036181157934305,535.8675667353518
